animal_id,sex,species,site_id,site_type,location_id,easting,northing,date_of_birth,date_of_death,death_site_id,reason_for_death,batch_id,date_added_to_batch,date_removed_from_batch,vehicle_reg,journey_id,journey_origin,journey_destination,journey_start_date,journey_end_date
animal_1,m,cow,,,,,,,,,,,,,,,,,,
animal_2,f,cow,,,,,,,,,,,,,,,,,,
animal_3,m,cow,,,,,,,,,,,,,,,,,,
animal_4,m,cow,,,,,,,,,,,,,,,,,,
animal_5,f,cow,,,,,,,,,,,,,,,,,,
animal_6,m,cow,,,,,,,,,,,,,,,,,,
animal_7,m,cow,,,,,,,,,,,,,,,,,,
animal_8,f,cow,,,,,,,,,,,,,,,,,,
animal_9,m,cow,,,,,,,,,,,,,,,,,,
animal_10,m,cow,,,,,,,,,,,,,,,,,,
animal_11,f,cow,,,,,,,,,,,,,,,,,,
animal_12,f,cow,,,,,,,,,,,,,,,,,,
animal_13,m,cow,,,,,,,,,,,,,,,,,,
animal_14,m,cow,,,,,,,,,,,,,,,,,,
animal_15,m,cow,,,,,,,,,,,,,,,,,,
animal_16,f,cow,,,,,,,,,,,,,,,,,,
animal_17,m,cow,,,,,,,,,,,,,,,,,,
animal_18,m,cow,,,,,,,,,,,,,,,,,,
animal_19,f,cow,,,,,,,,,,,,,,,,,,
animal_20,f,cow,,,,,,,,,,,,,,,,,,
animal_21,m,cow,,,,,,,,,,,,,,,,,,
animal_22,f,cow,,,,,,,,,,,,,,,,,,
animal_23,m,cow,,,,,,,,,,,,,,,,,,
animal_24,f,cow,,,,,,,,,,,,,,,,,,
animal_25,f,cow,,,,,,,,,,,,,,,,,,
animal_26,m,cow,,,,,,,,,,,,,,,,,,
animal_27,f,cow,,,,,,,,,,,,,,,,,,
animal_28,f,cow,,,,,,,,,,,,,,,,,,
animal_29,m,cow,,,,,,,,,,,,,,,,,,
animal_30,f,cow,,,,,,,,,,,,,,,,,,
animal_31,m,cow,,,,,,,,,,,,,,,,,,
animal_32,m,cow,,,,,,,,,,,,,,,,,,
animal_33,m,cow,,,,,,,,,,,,,,,,,,
animal_34,m,cow,,,,,,,,,,,,,,,,,,
animal_35,f,cow,,,,,,,,,,,,,,,,,,
animal_36,m,cow,,,,,,,,,,,,,,,,,,
animal_37,m,cow,,,,,,,,,,,,,,,,,,
animal_38,m,cow,,,,,,,,,,,,,,,,,,
animal_39,m,cow,,,,,,,,,,,,,,,,,,
animal_40,f,cow,,,,,,,,,,,,,,,,,,
animal_41,f,pig,,,,,,,,,,,,,,,,,,
animal_42,f,pig,,,,,,,,,,,,,,,,,,
animal_43,m,pig,,,,,,,,,,,,,,,,,,
animal_44,f,pig,,,,,,,,,,,,,,,,,,
animal_45,m,pig,,,,,,,,,,,,,,,,,,
animal_46,m,pig,,,,,,,,,,,,,,,,,,
animal_47,m,pig,,,,,,,,,,,,,,,,,,
animal_48,f,pig,,,,,,,,,,,,,,,,,,
animal_49,f,pig,,,,,,,,,,,,,,,,,,
animal_50,m,pig,,,,,,,,,,,,,,,,,,
animal_51,f,pig,,,,,,,,,,,,,,,,,,
animal_52,f,pig,,,,,,,,,,,,,,,,,,
animal_53,m,pig,,,,,,,,,,,,,,,,,,
animal_54,f,pig,,,,,,,,,,,,,,,,,,
animal_55,f,pig,,,,,,,,,,,,,,,,,,
animal_56,f,pig,,,,,,,,,,,,,,,,,,
animal_57,m,pig,,,,,,,,,,,,,,,,,,
animal_58,m,pig,,,,,,,,,,,,,,,,,,
animal_59,f,pig,,,,,,,,,,,,,,,,,,
animal_60,m,pig,,,,,,,,,,,,,,,,,,
animal_61,m,pig,,,,,,,,,,,,,,,,,,
animal_62,m,pig,,,,,,,,,,,,,,,,,,
animal_63,f,pig,,,,,,,,,,,,,,,,,,
animal_64,m,pig,,,,,,,,,,,,,,,,,,
animal_65,f,pig,,,,,,,,,,,,,,,,,,
animal_66,m,pig,,,,,,,,,,,,,,,,,,
animal_67,f,pig,,,,,,,,,,,,,,,,,,
animal_68,m,pig,,,,,,,,,,,,,,,,,,
animal_69,f,pig,,,,,,,,,,,,,,,,,,
animal_70,m,pig,,,,,,,,,,,,,,,,,,
animal_71,f,pig,,,,,,,,,,,,,,,,,,
animal_72,m,pig,,,,,,,,,,,,,,,,,,
animal_73,m,pig,,,,,,,,,,,,,,,,,,
animal_74,m,pig,,,,,,,,,,,,,,,,,,
animal_75,m,pig,,,,,,,,,,,,,,,,,,
animal_76,f,pig,,,,,,,,,,,,,,,,,,
animal_77,m,pig,,,,,,,,,,,,,,,,,,
animal_78,m,pig,,,,,,,,,,,,,,,,,,
animal_79,m,pig,,,,,,,,,,,,,,,,,,
animal_80,m,pig,,,,,,,,,,,,,,,,,,
animal_81,f,pig,,,,,,,,,,,,,,,,,,
animal_82,f,pig,,,,,,,,,,,,,,,,,,
animal_83,f,pig,,,,,,,,,,,,,,,,,,
animal_84,m,pig,,,,,,,,,,,,,,,,,,
animal_85,f,pig,,,,,,,,,,,,,,,,,,
animal_86,f,pig,,,,,,,,,,,,,,,,,,
animal_87,m,pig,,,,,,,,,,,,,,,,,,
animal_88,f,pig,,,,,,,,,,,,,,,,,,
animal_89,m,pig,,,,,,,,,,,,,,,,,,
animal_90,f,pig,,,,,,,,,,,,,,,,,,
animal_91,m,pig,,,,,,,,,,,,,,,,,,
animal_92,m,pig,,,,,,,,,,,,,,,,,,
animal_93,f,pig,,,,,,,,,,,,,,,,,,
animal_94,m,pig,,,,,,,,,,,,,,,,,,
animal_95,m,pig,,,,,,,,,,,,,,,,,,
animal_96,m,pig,,,,,,,,,,,,,,,,,,
animal_97,f,pig,,,,,,,,,,,,,,,,,,
animal_98,f,pig,,,,,,,,,,,,,,,,,,
animal_99,m,pig,,,,,,,,,,,,,,,,,,
animal_100,m,pig,,,,,,,,,,,,,,,,,,
animal_101,f,pig,,,,,,,,,,,,,,,,,,
animal_102,m,pig,,,,,,,,,,,,,,,,,,
animal_103,f,pig,,,,,,,,,,,,,,,,,,
animal_104,f,pig,,,,,,,,,,,,,,,,,,
animal_105,m,pig,,,,,,,,,,,,,,,,,,
animal_106,f,pig,,,,,,,,,,,,,,,,,,
animal_107,f,pig,,,,,,,,,,,,,,,,,,
animal_108,m,pig,,,,,,,,,,,,,,,,,,
animal_109,m,pig,,,,,,,,,,,,,,,,,,
animal_110,f,pig,,,,,,,,,,,,,,,,,,
animal_111,f,pig,,,,,,,,,,,,,,,,,,
animal_112,f,pig,,,,,,,,,,,,,,,,,,
animal_113,m,pig,,,,,,,,,,,,,,,,,,
animal_114,f,pig,,,,,,,,,,,,,,,,,,
animal_115,f,pig,,,,,,,,,,,,,,,,,,
animal_116,m,sheep,,,,,,,,,,,,,,,,,,
animal_117,f,sheep,,,,,,,,,,,,,,,,,,
animal_118,m,sheep,,,,,,,,,,,,,,,,,,
animal_119,f,sheep,,,,,,,,,,,,,,,,,,
animal_120,f,sheep,,,,,,,,,,,,,,,,,,
animal_121,m,sheep,,,,,,,,,,,,,,,,,,
animal_122,m,sheep,,,,,,,,,,,,,,,,,,
animal_123,f,sheep,,,,,,,,,,,,,,,,,,
animal_124,f,sheep,,,,,,,,,,,,,,,,,,
animal_125,m,sheep,,,,,,,,,,,,,,,,,,
animal_126,f,sheep,,,,,,,,,,,,,,,,,,
animal_127,m,sheep,,,,,,,,,,,,,,,,,,
animal_128,f,sheep,,,,,,,,,,,,,,,,,,
animal_129,m,sheep,,,,,,,,,,,,,,,,,,
animal_130,m,sheep,,,,,,,,,,,,,,,,,,
animal_131,m,sheep,,,,,,,,,,,,,,,,,,
animal_132,m,sheep,,,,,,,,,,,,,,,,,,
animal_133,m,sheep,,,,,,,,,,,,,,,,,,
animal_134,f,sheep,,,,,,,,,,,,,,,,,,
animal_135,f,sheep,,,,,,,,,,,,,,,,,,
animal_136,m,sheep,,,,,,,,,,,,,,,,,,
animal_137,f,sheep,,,,,,,,,,,,,,,,,,
animal_138,f,sheep,,,,,,,,,,,,,,,,,,
animal_139,f,sheep,,,,,,,,,,,,,,,,,,
animal_140,m,sheep,,,,,,,,,,,,,,,,,,
animal_141,f,sheep,,,,,,,,,,,,,,,,,,
animal_142,f,sheep,,,,,,,,,,,,,,,,,,
animal_143,m,sheep,,,,,,,,,,,,,,,,,,
animal_144,f,sheep,,,,,,,,,,,,,,,,,,
animal_145,m,sheep,,,,,,,,,,,,,,,,,,
animal_146,f,sheep,,,,,,,,,,,,,,,,,,
animal_147,m,sheep,,,,,,,,,,,,,,,,,,
animal_148,m,sheep,,,,,,,,,,,,,,,,,,
animal_149,f,sheep,,,,,,,,,,,,,,,,,,
animal_150,f,sheep,,,,,,,,,,,,,,,,,,
animal_151,f,sheep,,,,,,,,,,,,,,,,,,
animal_152,m,sheep,,,,,,,,,,,,,,,,,,
animal_153,m,sheep,,,,,,,,,,,,,,,,,,
animal_154,f,sheep,,,,,,,,,,,,,,,,,,
animal_155,m,sheep,,,,,,,,,,,,,,,,,,
animal_156,f,sheep,,,,,,,,,,,,,,,,,,
animal_157,m,sheep,,,,,,,,,,,,,,,,,,
animal_158,f,sheep,,,,,,,,,,,,,,,,,,
animal_159,f,sheep,,,,,,,,,,,,,,,,,,
animal_160,f,sheep,,,,,,,,,,,,,,,,,,
animal_161,m,sheep,,,,,,,,,,,,,,,,,,
animal_162,m,sheep,,,,,,,,,,,,,,,,,,
animal_163,f,sheep,,,,,,,,,,,,,,,,,,
animal_164,m,sheep,,,,,,,,,,,,,,,,,,
animal_165,m,sheep,,,,,,,,,,,,,,,,,,
animal_166,f,sheep,,,,,,,,,,,,,,,,,,
animal_167,f,sheep,,,,,,,,,,,,,,,,,,
animal_168,m,sheep,,,,,,,,,,,,,,,,,,
animal_169,f,sheep,,,,,,,,,,,,,,,,,,
animal_170,m,sheep,,,,,,,,,,,,,,,,,,
animal_171,f,sheep,,,,,,,,,,,,,,,,,,
animal_172,m,sheep,,,,,,,,,,,,,,,,,,
animal_173,f,sheep,,,,,,,,,,,,,,,,,,
animal_174,m,sheep,,,,,,,,,,,,,,,,,,
animal_175,f,sheep,,,,,,,,,,,,,,,,,,
animal_176,f,sheep,,,,,,,,,,,,,,,,,,
animal_177,f,sheep,,,,,,,,,,,,,,,,,,
animal_178,m,sheep,,,,,,,,,,,,,,,,,,
animal_179,f,sheep,,,,,,,,,,,,,,,,,,
animal_180,m,sheep,,,,,,,,,,,,,,,,,,
animal_181,m,sheep,,,,,,,,,,,,,,,,,,
animal_182,f,sheep,,,,,,,,,,,,,,,,,,
animal_183,m,sheep,,,,,,,,,,,,,,,,,,
animal_184,f,sheep,,,,,,,,,,,,,,,,,,
animal_185,f,sheep,,,,,,,,,,,,,,,,,,
animal_186,f,sheep,,,,,,,,,,,,,,,,,,
animal_187,f,sheep,,,,,,,,,,,,,,,,,,
animal_188,f,sheep,,,,,,,,,,,,,,,,,,
animal_189,f,sheep,,,,,,,,,,,,,,,,,,
animal_190,m,sheep,,,,,,,,,,,,,,,,,,
animal_191,m,sheep,,,,,,,,,,,,,,,,,,
animal_192,f,sheep,,,,,,,,,,,,,,,,,,
animal_193,f,sheep,,,,,,,,,,,,,,,,,,
animal_194,f,sheep,,,,,,,,,,,,,,,,,,
animal_195,m,sheep,,,,,,,,,,,,,,,,,,
animal_196,f,sheep,,,,,,,,,,,,,,,,,,
animal_197,m,sheep,,,,,,,,,,,,,,,,,,
animal_198,m,sheep,,,,,,,,,,,,,,,,,,
animal_199,m,sheep,,,,,,,,,,,,,,,,,,
animal_200,f,sheep,,,,,,,,,,,,,,,,,,
animal_201,f,sheep,,,,,,,,,,,,,,,,,,
animal_202,m,sheep,,,,,,,,,,,,,,,,,,
animal_203,m,sheep,,,,,,,,,,,,,,,,,,
animal_204,m,sheep,,,,,,,,,,,,,,,,,,
animal_205,f,sheep,,,,,,,,,,,,,,,,,,
animal_206,m,sheep,,,,,,,,,,,,,,,,,,
animal_207,f,sheep,,,,,,,,,,,,,,,,,,
animal_208,f,sheep,,,,,,,,,,,,,,,,,,
animal_209,f,sheep,,,,,,,,,,,,,,,,,,
animal_210,m,sheep,,,,,,,,,,,,,,,,,,
animal_211,m,sheep,,,,,,,,,,,,,,,,,,
animal_212,f,sheep,,,,,,,,,,,,,,,,,,
animal_213,f,sheep,,,,,,,,,,,,,,,,,,
animal_214,m,sheep,,,,,,,,,,,,,,,,,,
animal_215,f,sheep,,,,,,,,,,,,,,,,,,
,,,site_1,farm,loc_1,44717,20451,,,,,,,,,,,,,
,,,site_2,farm,loc_2,44641,20125,,,,,,,,,,,,,
,,,site_3,farm,loc_3,44779,20301,,,,,,,,,,,,,
,,,site_4,farm,loc_4,44468,20692,,,,,,,,,,,,,
,,,site_5,farm,loc_5,44261,20660,,,,,,,,,,,,,
,,,site_6,market,loc_6,44180,20673,,,,,,,,,,,,,
,,,site_7,market,loc_7,44420,20216,,,,,,,,,,,,,
,,,site_8,slaughterhouse,loc_8,44699,20910,,,,,,,,,,,,,
,,,site_9,slaughterhouse,loc_9,44696,20173,,,,,,,,,,,,,
,,,,,,,,,,,,,,,WB23964,,,,,
,,,,,,,,,,,,,,,XW23940,,,,,
,,,,,,,,,,,,,,,HL23445,,,,,
,,,,,,,,,,,,,,,BG23024,,,,,
,,,,,,,,,,,,,,,NP23422,,,,,
,,,,,,,,,,,,,,,HK23967,,,,,
,,,,,,,,,,,,,,,EI23649,,,,,
,,,,,,,,,,,,,,,VR23403,,,,,
,,,,,,,,,,,,,,,VM23859,,,,,
,,,,,,,,,,,,,,,OW23921,,,,,
animal_1,,,site_1,,,,,2010-01-02,,,,,,,,,,,,
animal_2,,,site_2,,,,,2010-01-04,,,,,,,,,,,,
animal_3,,,site_5,,,,,2010-01-05,,,,,,,,,,,,
animal_4,,,site_4,,,,,2010-01-07,,,,,,,,,,,,
animal_5,,,site_4,,,,,2010-01-09,,,,,,,,,,,,
animal_6,,,site_3,,,,,2010-01-11,,,,,,,,,,,,
animal_7,,,site_5,,,,,2010-01-14,,,,,,,,,,,,
animal_8,,,site_2,,,,,2010-01-15,,,,,,,,,,,,
animal_9,,,site_2,,,,,2010-01-18,,,,,,,,,,,,
animal_10,,,site_2,,,,,2010-01-19,,,,,,,,,,,,
animal_11,,,site_4,,,,,2010-01-22,,,,,,,,,,,,
animal_12,,,site_1,,,,,2010-01-23,,,,,,,,,,,,
animal_13,,,site_5,,,,,2010-01-26,,,,,,,,,,,,
animal_14,,,site_1,,,,,2010-01-28,,,,,,,,,,,,
animal_15,,,site_4,,,,,2010-01-29,,,,,,,,,,,,
animal_16,,,site_1,,,,,2010-02-01,,,,,,,,,,,,
animal_17,,,site_2,,,,,2010-02-02,,,,,,,,,,,,
animal_18,,,site_4,,,,,2010-02-03,,,,,,,,,,,,
animal_19,,,site_2,,,,,2010-02-04,,,,,,,,,,,,
animal_20,,,site_2,,,,,2010-02-05,,,,,,,,,,,,
animal_21,,,site_1,,,,,2010-02-07,,,,,,,,,,,,
animal_22,,,site_1,,,,,2010-02-08,,,,,,,,,,,,
animal_23,,,site_5,,,,,2010-02-09,,,,,,,,,,,,
animal_24,,,site_3,,,,,2010-02-11,,,,,,,,,,,,
animal_25,,,site_2,,,,,2010-02-12,,,,,,,,,,,,
animal_26,,,site_2,,,,,2010-02-13,,,,,,,,,,,,
animal_27,,,site_2,,,,,2010-02-15,,,,,,,,,,,,
animal_28,,,site_3,,,,,2010-02-18,,,,,,,,,,,,
animal_29,,,site_1,,,,,2010-02-20,,,,,,,,,,,,
animal_30,,,site_3,,,,,2010-02-23,,,,,,,,,,,,
animal_31,,,site_1,,,,,2010-02-26,,,,,,,,,,,,
animal_32,,,site_1,,,,,2010-02-27,,,,,,,,,,,,
animal_33,,,site_3,,,,,2010-02-28,,,,,,,,,,,,
animal_34,,,site_5,,,,,2010-03-03,,,,,,,,,,,,
animal_35,,,site_4,,,,,2010-03-04,,,,,,,,,,,,
animal_36,,,site_1,,,,,2010-03-05,,,,,,,,,,,,
animal_37,,,site_4,,,,,2010-03-06,,,,,,,,,,,,
animal_38,,,site_1,,,,,2010-03-09,,,,,,,,,,,,
animal_39,,,site_2,,,,,2010-03-12,,,,,,,,,,,,
animal_40,,,site_4,,,,,2010-03-14,,,,,,,,,,,,
animal_41,,,site_2,,,,,2010-03-17,,,,,,,,,,,,
animal_42,,,site_5,,,,,2010-03-18,,,,,,,,,,,,
animal_43,,,site_5,,,,,2010-03-21,,,,,,,,,,,,
animal_44,,,site_3,,,,,2010-03-22,,,,,,,,,,,,
animal_45,,,site_1,,,,,2010-03-24,,,,,,,,,,,,
animal_46,,,site_5,,,,,2010-03-25,,,,,,,,,,,,
animal_47,,,site_4,,,,,2010-03-27,,,,,,,,,,,,
animal_48,,,site_2,,,,,2010-03-30,,,,,,,,,,,,
animal_49,,,site_1,,,,,2010-04-01,,,,,,,,,,,,
animal_50,,,site_1,,,,,2010-04-02,,,,,,,,,,,,
animal_51,,,site_2,,,,,2010-04-05,,,,,,,,,,,,
animal_52,,,site_4,,,,,2010-04-07,,,,,,,,,,,,
animal_53,,,site_2,,,,,2010-04-09,,,,,,,,,,,,
animal_54,,,site_2,,,,,2010-04-10,,,,,,,,,,,,
animal_55,,,site_2,,,,,2010-04-13,,,,,,,,,,,,
animal_56,,,site_5,,,,,2010-04-16,,,,,,,,,,,,
animal_57,,,site_1,,,,,2010-04-19,,,,,,,,,,,,
animal_58,,,site_4,,,,,2010-04-22,,,,,,,,,,,,
animal_59,,,site_3,,,,,2010-04-24,,,,,,,,,,,,
animal_60,,,site_5,,,,,2010-04-27,,,,,,,,,,,,
animal_61,,,site_5,,,,,2010-04-28,,,,,,,,,,,,
animal_62,,,site_2,,,,,2010-04-29,,,,,,,,,,,,
animal_63,,,site_3,,,,,2010-05-02,,,,,,,,,,,,
animal_64,,,site_4,,,,,2010-05-04,,,,,,,,,,,,
animal_65,,,site_5,,,,,2010-05-07,,,,,,,,,,,,
animal_66,,,site_5,,,,,2010-05-09,,,,,,,,,,,,
animal_67,,,site_3,,,,,2010-05-12,,,,,,,,,,,,
animal_68,,,site_2,,,,,2010-05-15,,,,,,,,,,,,
animal_69,,,site_1,,,,,2010-05-18,,,,,,,,,,,,
animal_70,,,site_3,,,,,2010-05-20,,,,,,,,,,,,
animal_71,,,site_1,,,,,2010-05-21,,,,,,,,,,,,
animal_72,,,site_4,,,,,2010-05-23,,,,,,,,,,,,
animal_73,,,site_3,,,,,2010-05-25,,,,,,,,,,,,
animal_74,,,site_3,,,,,2010-05-28,,,,,,,,,,,,
animal_75,,,site_4,,,,,2010-05-31,,,,,,,,,,,,
animal_76,,,site_5,,,,,2010-06-03,,,,,,,,,,,,
animal_77,,,site_1,,,,,2010-06-06,,,,,,,,,,,,
animal_78,,,site_2,,,,,2010-06-09,,,,,,,,,,,,
animal_79,,,site_2,,,,,2010-06-11,,,,,,,,,,,,
animal_80,,,site_2,,,,,2010-06-13,,,,,,,,,,,,
animal_81,,,site_3,,,,,2010-06-16,,,,,,,,,,,,
animal_82,,,site_2,,,,,2010-06-19,,,,,,,,,,,,
animal_83,,,site_4,,,,,2010-06-21,,,,,,,,,,,,
animal_84,,,site_1,,,,,2010-06-23,,,,,,,,,,,,
animal_85,,,site_5,,,,,2010-06-26,,,,,,,,,,,,
animal_86,,,site_2,,,,,2010-06-29,,,,,,,,,,,,
animal_87,,,site_2,,,,,2010-07-01,,,,,,,,,,,,
animal_88,,,site_5,,,,,2010-07-02,,,,,,,,,,,,
animal_89,,,site_5,,,,,2010-07-05,,,,,,,,,,,,
animal_90,,,site_1,,,,,2010-07-08,,,,,,,,,,,,
animal_91,,,site_3,,,,,2010-07-11,,,,,,,,,,,,
animal_92,,,site_4,,,,,2010-07-12,,,,,,,,,,,,
animal_93,,,site_1,,,,,2010-07-13,,,,,,,,,,,,
animal_94,,,site_4,,,,,2010-07-15,,,,,,,,,,,,
animal_95,,,site_1,,,,,2010-07-16,,,,,,,,,,,,
animal_96,,,site_5,,,,,2010-07-19,,,,,,,,,,,,
animal_97,,,site_2,,,,,2010-07-22,,,,,,,,,,,,
animal_98,,,site_2,,,,,2010-07-24,,,,,,,,,,,,
animal_99,,,site_5,,,,,2010-07-27,,,,,,,,,,,,
animal_100,,,site_1,,,,,2010-07-28,,,,,,,,,,,,
animal_101,,,site_1,,,,,2010-07-30,,,,,,,,,,,,
animal_102,,,site_4,,,,,2010-07-31,,,,,,,,,,,,
animal_103,,,site_3,,,,,2010-08-01,,,,,,,,,,,,
animal_104,,,site_5,,,,,2010-08-04,,,,,,,,,,,,
animal_105,,,site_5,,,,,2010-08-06,,,,,,,,,,,,
animal_106,,,site_5,,,,,2010-08-07,,,,,,,,,,,,
animal_107,,,site_5,,,,,2010-08-08,,,,,,,,,,,,
animal_108,,,site_1,,,,,2010-08-11,,,,,,,,,,,,
animal_109,,,site_3,,,,,2010-08-12,,,,,,,,,,,,
animal_110,,,site_3,,,,,2010-08-15,,,,,,,,,,,,
animal_111,,,site_5,,,,,2010-08-17,,,,,,,,,,,,
animal_112,,,site_4,,,,,2010-08-20,,,,,,,,,,,,
animal_113,,,site_5,,,,,2010-08-22,,,,,,,,,,,,
animal_114,,,site_2,,,,,2010-08-25,,,,,,,,,,,,
animal_115,,,site_2,,,,,2010-08-26,,,,,,,,,,,,
animal_116,,,site_2,,,,,2010-08-27,,,,,,,,,,,,
animal_117,,,site_2,,,,,2010-08-29,,,,,,,,,,,,
animal_118,,,site_4,,,,,2010-08-30,,,,,,,,,,,,
animal_119,,,site_2,,,,,2010-09-02,,,,,,,,,,,,
animal_120,,,site_4,,,,,2010-09-03,,,,,,,,,,,,
animal_121,,,site_4,,,,,2010-09-05,,,,,,,,,,,,
animal_122,,,site_3,,,,,2010-09-07,,,,,,,,,,,,
animal_123,,,site_3,,,,,2010-09-09,,,,,,,,,,,,
animal_124,,,site_3,,,,,2010-09-10,,,,,,,,,,,,
animal_125,,,site_1,,,,,2010-09-13,,,,,,,,,,,,
animal_126,,,site_4,,,,,2010-09-15,,,,,,,,,,,,
animal_127,,,site_4,,,,,2010-09-17,,,,,,,,,,,,
animal_128,,,site_5,,,,,2010-09-20,,,,,,,,,,,,
animal_129,,,site_3,,,,,2010-09-22,,,,,,,,,,,,
animal_130,,,site_5,,,,,2010-09-23,,,,,,,,,,,,
animal_131,,,site_4,,,,,2010-09-24,,,,,,,,,,,,
animal_132,,,site_1,,,,,2010-09-27,,,,,,,,,,,,
animal_133,,,site_3,,,,,2010-09-29,,,,,,,,,,,,
animal_134,,,site_2,,,,,2010-10-01,,,,,,,,,,,,
animal_135,,,site_1,,,,,2010-10-04,,,,,,,,,,,,
animal_136,,,site_1,,,,,2010-10-07,,,,,,,,,,,,
animal_137,,,site_3,,,,,2010-10-10,,,,,,,,,,,,
animal_138,,,site_4,,,,,2010-10-11,,,,,,,,,,,,
animal_139,,,site_1,,,,,2010-10-14,,,,,,,,,,,,
animal_140,,,site_3,,,,,2010-10-16,,,,,,,,,,,,
animal_141,,,site_1,,,,,2010-10-17,,,,,,,,,,,,
animal_142,,,site_2,,,,,2010-10-18,,,,,,,,,,,,
animal_143,,,site_2,,,,,2010-10-21,,,,,,,,,,,,
animal_144,,,site_1,,,,,2010-10-22,,,,,,,,,,,,
animal_145,,,site_4,,,,,2010-10-23,,,,,,,,,,,,
animal_146,,,site_5,,,,,2010-10-26,,,,,,,,,,,,
animal_147,,,site_4,,,,,2010-10-28,,,,,,,,,,,,
animal_148,,,site_3,,,,,2010-10-30,,,,,,,,,,,,
animal_149,,,site_4,,,,,2010-11-02,,,,,,,,,,,,
animal_150,,,site_1,,,,,2010-11-05,,,,,,,,,,,,
animal_151,,,site_1,,,,,2010-11-08,,,,,,,,,,,,
animal_152,,,site_4,,,,,2010-11-11,,,,,,,,,,,,
animal_153,,,site_1,,,,,2010-11-12,,,,,,,,,,,,
animal_154,,,site_1,,,,,2010-11-13,,,,,,,,,,,,
animal_155,,,site_2,,,,,2010-11-14,,,,,,,,,,,,
animal_156,,,site_4,,,,,2010-11-16,,,,,,,,,,,,
animal_157,,,site_4,,,,,2010-11-17,,,,,,,,,,,,
animal_158,,,site_1,,,,,2010-11-18,,,,,,,,,,,,
animal_159,,,site_5,,,,,2010-11-20,,,,,,,,,,,,
animal_160,,,site_3,,,,,2010-11-21,,,,,,,,,,,,
animal_161,,,site_3,,,,,2010-11-23,,,,,,,,,,,,
animal_162,,,site_3,,,,,2010-11-25,,,,,,,,,,,,
animal_163,,,site_4,,,,,2010-11-28,,,,,,,,,,,,
animal_164,,,site_5,,,,,2010-11-30,,,,,,,,,,,,
animal_165,,,site_4,,,,,2010-12-01,,,,,,,,,,,,
animal_166,,,site_5,,,,,2010-12-03,,,,,,,,,,,,
animal_167,,,site_1,,,,,2010-12-05,,,,,,,,,,,,
animal_168,,,site_1,,,,,2010-12-08,,,,,,,,,,,,
animal_169,,,site_5,,,,,2010-12-10,,,,,,,,,,,,
animal_170,,,site_4,,,,,2010-12-13,,,,,,,,,,,,
animal_171,,,site_4,,,,,2010-12-14,,,,,,,,,,,,
animal_172,,,site_3,,,,,2010-12-15,,,,,,,,,,,,
animal_173,,,site_5,,,,,2010-12-17,,,,,,,,,,,,
animal_174,,,site_3,,,,,2010-12-18,,,,,,,,,,,,
animal_175,,,site_5,,,,,2010-12-20,,,,,,,,,,,,
animal_176,,,site_1,,,,,2010-12-23,,,,,,,,,,,,
animal_177,,,site_1,,,,,2010-12-26,,,,,,,,,,,,
animal_178,,,site_5,,,,,2010-12-27,,,,,,,,,,,,
animal_179,,,site_1,,,,,2010-12-29,,,,,,,,,,,,
animal_180,,,site_4,,,,,2011-01-01,,,,,,,,,,,,
animal_181,,,site_1,,,,,2011-01-04,,,,,,,,,,,,
animal_182,,,site_4,,,,,2011-01-05,,,,,,,,,,,,
animal_183,,,site_2,,,,,2011-01-08,,,,,,,,,,,,
animal_184,,,site_3,,,,,2011-01-09,,,,,,,,,,,,
animal_185,,,site_2,,,,,2011-01-11,,,,,,,,,,,,
animal_186,,,site_4,,,,,2011-01-12,,,,,,,,,,,,
animal_187,,,site_3,,,,,2011-01-13,,,,,,,,,,,,
animal_188,,,site_3,,,,,2011-01-16,,,,,,,,,,,,
animal_189,,,site_3,,,,,2011-01-18,,,,,,,,,,,,
animal_190,,,site_5,,,,,2011-01-19,,,,,,,,,,,,
animal_191,,,site_3,,,,,2011-01-21,,,,,,,,,,,,
animal_192,,,site_3,,,,,2011-01-22,,,,,,,,,,,,
animal_193,,,site_1,,,,,2011-01-25,,,,,,,,,,,,
animal_194,,,site_1,,,,,2011-01-27,,,,,,,,,,,,
animal_195,,,site_3,,,,,2011-01-30,,,,,,,,,,,,
animal_196,,,site_2,,,,,2011-02-01,,,,,,,,,,,,
animal_197,,,site_1,,,,,2011-02-03,,,,,,,,,,,,
animal_198,,,site_4,,,,,2011-02-04,,,,,,,,,,,,
animal_199,,,site_3,,,,,2011-02-06,,,,,,,,,,,,
animal_200,,,site_2,,,,,2011-02-08,,,,,,,,,,,,
animal_201,,,site_3,,,,,2011-02-09,,,,,,,,,,,,
animal_202,,,site_5,,,,,2011-02-11,,,,,,,,,,,,
animal_203,,,site_1,,,,,2011-02-14,,,,,,,,,,,,
animal_204,,,site_4,,,,,2011-02-17,,,,,,,,,,,,
animal_205,,,site_3,,,,,2011-02-20,,,,,,,,,,,,
animal_206,,,site_3,,,,,2011-02-23,,,,,,,,,,,,
animal_207,,,site_5,,,,,2011-02-25,,,,,,,,,,,,
animal_208,,,site_2,,,,,2011-02-28,,,,,,,,,,,,
animal_209,,,site_4,,,,,2011-03-03,,,,,,,,,,,,
animal_210,,,site_2,,,,,2011-03-06,,,,,,,,,,,,
animal_211,,,site_1,,,,,2011-03-07,,,,,,,,,,,,
animal_212,,,site_2,,,,,2011-03-10,,,,,,,,,,,,
animal_213,,,site_3,,,,,2011-03-11,,,,,,,,,,,,
animal_214,,,site_4,,,,,2011-03-14,,,,,,,,,,,,
animal_215,,,site_4,,,,,2011-03-15,,,,,,,,,,,,
animal_4,,,,,,,,,2011-01-08,site_9,illness,,,,,,,,,
animal_12,,,,,,,,,2011-01-18,site_9,slaughter,,,,,,,,,
animal_19,,,,,,,,,2011-01-30,site_9,slaughter,,,,,,,,,
animal_21,,,,,,,,,2011-02-05,site_9,illness,,,,,,,,,
animal_25,,,,,,,,,2011-02-14,site_8,illness,,,,,,,,,
animal_26,,,,,,,,,2011-02-16,site_9,illness,,,,,,,,,
animal_27,,,,,,,,,2011-02-17,site_8,illness,,,,,,,,,
animal_29,,,,,,,,,2011-02-21,site_8,slaughter,,,,,,,,,
animal_36,,,,,,,,,2011-03-07,site_8,illness,,,,,,,,,
animal_37,,,,,,,,,2011-03-10,site_9,slaughter,,,,,,,,,
animal_38,,,,,,,,,2011-03-11,site_8,illness,,,,,,,,,
animal_40,,,,,,,,,2011-03-15,site_8,illness,,,,,,,,,
animal_42,,,,,,,,,2011-03-18,site_9,slaughter,,,,,,,,,
animal_43,,,,,,,,,2011-03-19,site_8,illness,,,,,,,,,
animal_50,,,,,,,,,2011-04-02,site_8,illness,,,,,,,,,
animal_52,,,,,,,,,2011-04-05,site_8,slaughter,,,,,,,,,
animal_53,,,,,,,,,2011-04-06,site_8,illness,,,,,,,,,
animal_54,,,,,,,,,2011-04-07,site_9,slaughter,,,,,,,,,
animal_57,,,,,,,,,2011-04-14,site_8,slaughter,,,,,,,,,
animal_69,,,,,,,,,2011-05-03,site_8,illness,,,,,,,,,
animal_76,,,,,,,,,2011-05-15,site_9,illness,,,,,,,,,
animal_77,,,,,,,,,2011-05-17,site_8,slaughter,,,,,,,,,
animal_78,,,,,,,,,2011-05-19,site_8,slaughter,,,,,,,,,
animal_82,,,,,,,,,2011-05-28,site_8,slaughter,,,,,,,,,
animal_83,,,,,,,,,2011-05-30,site_9,illness,,,,,,,,,
animal_84,,,,,,,,,2011-06-02,site_8,slaughter,,,,,,,,,
animal_86,,,,,,,,,2011-06-05,site_8,illness,,,,,,,,,
animal_90,,,,,,,,,2011-06-13,site_9,slaughter,,,,,,,,,
animal_91,,,,,,,,,2011-06-14,site_9,slaughter,,,,,,,,,
animal_95,,,,,,,,,2011-06-20,site_9,illness,,,,,,,,,
animal_117,,,,,,,,,2011-08-07,site_8,illness,,,,,,,,,
animal_119,,,,,,,,,2011-08-11,site_9,slaughter,,,,,,,,,
animal_122,,,,,,,,,2011-08-19,site_9,slaughter,,,,,,,,,
animal_123,,,,,,,,,2011-08-21,site_8,slaughter,,,,,,,,,
animal_124,,,,,,,,,2011-08-22,site_8,slaughter,,,,,,,,,
animal_125,,,,,,,,,2011-08-24,site_8,slaughter,,,,,,,,,
animal_128,,,,,,,,,2011-08-28,site_8,illness,,,,,,,,,
animal_133,,,,,,,,,2011-09-08,site_8,illness,,,,,,,,,
animal_135,,,,,,,,,2011-09-12,site_8,slaughter,,,,,,,,,
animal_138,,,,,,,,,2011-09-15,site_9,slaughter,,,,,,,,,
animal_140,,,,,,,,,2011-09-20,site_8,slaughter,,,,,,,,,
animal_141,,,,,,,,,2011-09-21,site_9,illness,,,,,,,,,
animal_142,,,,,,,,,2011-09-23,site_9,illness,,,,,,,,,
animal_143,,,,,,,,,2011-09-24,site_8,slaughter,,,,,,,,,
animal_150,,,,,,,,,2011-10-08,site_8,illness,,,,,,,,,
animal_152,,,,,,,,,2011-10-13,site_9,illness,,,,,,,,,
animal_155,,,,,,,,,2011-10-21,site_8,slaughter,,,,,,,,,
animal_157,,,,,,,,,2011-10-27,site_8,illness,,,,,,,,,
animal_163,,,,,,,,,2011-11-10,site_8,illness,,,,,,,,,
animal_167,,,,,,,,,2011-11-18,site_8,slaughter,,,,,,,,,
animal_170,,,,,,,,,2011-11-27,site_9,illness,,,,,,,,,
animal_177,,,,,,,,,2011-12-11,site_9,illness,,,,,,,,,
animal_180,,,,,,,,,2011-12-19,site_9,illness,,,,,,,,,
animal_181,,,,,,,,,2011-12-20,site_9,slaughter,,,,,,,,,
animal_182,,,,,,,,,2011-12-23,site_9,slaughter,,,,,,,,,
animal_184,,,,,,,,,2011-12-25,site_8,slaughter,,,,,,,,,
animal_185,,,,,,,,,2011-12-26,site_9,slaughter,,,,,,,,,
animal_186,,,,,,,,,2011-12-28,site_8,illness,,,,,,,,,
animal_190,,,,,,,,,2012-01-07,site_9,illness,,,,,,,,,
animal_202,,,,,,,,,2012-02-03,site_9,illness,,,,,,,,,
animal_203,,,,,,,,,2012-02-05,site_8,slaughter,,,,,,,,,
animal_212,,,,,,,,,2012-02-21,site_9,slaughter,,,,,,,,,
animal_214,,,,,,,,,2012-02-25,site_8,slaughter,,,,,,,,,
animal_2,,,,,,,,,,,,0,2011-05-23 00:00:00,,,,,,,
animal_39,,,,,,,,,,,,0,2011-05-23 00:00:00,,,,,,,
animal_20,,,,,,,,,,,,0,2011-05-23 00:00:00,,,,,,,
animal_8,,,,,,,,,,,,0,2011-05-23 00:00:00,,,,,,,
animal_10,,,,,,,,,,,,0,2011-05-23 00:00:00,,,,,,,
animal_208,,,,,,,,,,,,0,2011-05-23 00:00:00,,,,,,,
animal_51,,,,,,,,,,,,0,2011-05-23 00:00:00,,,,,,,
animal_55,,,,,,,,,,,,0,2011-05-23 00:00:00,,,,,,,
animal_210,,,,,,,,,,,,0,2011-05-23 00:00:00,,,,,,,
animal_9,,,,,,,,,,,,0,2011-05-23 00:00:00,,,,,,,
animal_114,,,,,,,,,,,,0,2011-05-23 00:00:00,,,,,,,
animal_134,,,,,,,,,,,,0,2011-05-23 00:00:00,,,,,,,
animal_17,,,,,,,,,,,,0,2011-05-23 00:00:00,,,,,,,
animal_115,,,,,,,,,,,,0,2011-05-23 00:00:00,,,,,,,
animal_48,,,,,,,,,,,,0,2011-05-23 00:00:00,,,,,,,
animal_80,,,,,,,,,,,,0,2011-05-23 00:00:00,,,,,,,
animal_116,,,,,,,,,,,,0,2011-05-23 00:00:00,,,,,,,
animal_97,,,,,,,,,,,,0,2011-05-23 00:00:00,,,,,,,
animal_87,,,,,,,,,,,,0,2011-05-23 00:00:00,,,,,,,
,,,,,,,,,,,,0,,,OW23921,0,site_2,site_6,2011-05-23,2011-05-26
animal_2,,,,,,,,,,,,0,,2011-05-26,,,,,,
animal_39,,,,,,,,,,,,0,,2011-05-26,,,,,,
animal_20,,,,,,,,,,,,0,,2011-05-26,,,,,,
animal_8,,,,,,,,,,,,0,,2011-05-26,,,,,,
animal_10,,,,,,,,,,,,0,,2011-05-26,,,,,,
animal_208,,,,,,,,,,,,0,,2011-05-26,,,,,,
animal_51,,,,,,,,,,,,0,,2011-05-26,,,,,,
animal_55,,,,,,,,,,,,0,,2011-05-26,,,,,,
animal_210,,,,,,,,,,,,0,,2011-05-26,,,,,,
animal_9,,,,,,,,,,,,0,,2011-05-26,,,,,,
animal_114,,,,,,,,,,,,0,,2011-05-26,,,,,,
animal_134,,,,,,,,,,,,0,,2011-05-26,,,,,,
animal_17,,,,,,,,,,,,0,,2011-05-26,,,,,,
animal_115,,,,,,,,,,,,0,,2011-05-26,,,,,,
animal_48,,,,,,,,,,,,0,,2011-05-26,,,,,,
animal_80,,,,,,,,,,,,0,,2011-05-26,,,,,,
animal_116,,,,,,,,,,,,0,,2011-05-26,,,,,,
animal_97,,,,,,,,,,,,0,,2011-05-26,,,,,,
animal_87,,,,,,,,,,,,0,,2011-05-26,,,,,,
animal_75,,,,,,,,,,,,1,2011-05-29 00:00:00,,,,,,,
animal_171,,,,,,,,,,,,1,2011-05-29 00:00:00,,,,,,,
animal_5,,,,,,,,,,,,1,2011-05-29 00:00:00,,,,,,,
animal_198,,,,,,,,,,,,1,2011-05-29 00:00:00,,,,,,,
animal_131,,,,,,,,,,,,1,2011-05-29 00:00:00,,,,,,,
animal_145,,,,,,,,,,,,1,2011-05-29 00:00:00,,,,,,,
animal_92,,,,,,,,,,,,1,2011-05-29 00:00:00,,,,,,,
animal_58,,,,,,,,,,,,1,2011-05-29 00:00:00,,,,,,,
animal_15,,,,,,,,,,,,1,2011-05-29 00:00:00,,,,,,,
animal_102,,,,,,,,,,,,1,2011-05-29 00:00:00,,,,,,,
animal_120,,,,,,,,,,,,1,2011-05-29 00:00:00,,,,,,,
animal_18,,,,,,,,,,,,1,2011-05-29 00:00:00,,,,,,,
animal_121,,,,,,,,,,,,1,2011-05-29 00:00:00,,,,,,,
animal_156,,,,,,,,,,,,1,2011-05-29 00:00:00,,,,,,,
animal_149,,,,,,,,,,,,1,2011-05-29 00:00:00,,,,,,,
animal_47,,,,,,,,,,,,1,2011-05-29 00:00:00,,,,,,,
animal_11,,,,,,,,,,,,1,2011-05-29 00:00:00,,,,,,,
animal_112,,,,,,,,,,,,1,2011-05-29 00:00:00,,,,,,,
animal_64,,,,,,,,,,,,1,2011-05-29 00:00:00,,,,,,,
animal_118,,,,,,,,,,,,1,2011-05-29 00:00:00,,,,,,,
animal_35,,,,,,,,,,,,1,2011-05-29 00:00:00,,,,,,,
,,,,,,,,,,,,1,,,OW23921,1,site_4,site_1,2011-05-29,2011-06-01
animal_75,,,,,,,,,,,,1,,2011-06-01,,,,,,
animal_171,,,,,,,,,,,,1,,2011-06-01,,,,,,
animal_5,,,,,,,,,,,,1,,2011-06-01,,,,,,
animal_198,,,,,,,,,,,,1,,2011-06-01,,,,,,
animal_131,,,,,,,,,,,,1,,2011-06-01,,,,,,
animal_145,,,,,,,,,,,,1,,2011-06-01,,,,,,
animal_92,,,,,,,,,,,,1,,2011-06-01,,,,,,
animal_58,,,,,,,,,,,,1,,2011-06-01,,,,,,
animal_15,,,,,,,,,,,,1,,2011-06-01,,,,,,
animal_102,,,,,,,,,,,,1,,2011-06-01,,,,,,
animal_120,,,,,,,,,,,,1,,2011-06-01,,,,,,
animal_18,,,,,,,,,,,,1,,2011-06-01,,,,,,
animal_121,,,,,,,,,,,,1,,2011-06-01,,,,,,
animal_156,,,,,,,,,,,,1,,2011-06-01,,,,,,
animal_149,,,,,,,,,,,,1,,2011-06-01,,,,,,
animal_47,,,,,,,,,,,,1,,2011-06-01,,,,,,
animal_11,,,,,,,,,,,,1,,2011-06-01,,,,,,
animal_112,,,,,,,,,,,,1,,2011-06-01,,,,,,
animal_64,,,,,,,,,,,,1,,2011-06-01,,,,,,
animal_118,,,,,,,,,,,,1,,2011-06-01,,,,,,
animal_35,,,,,,,,,,,,1,,2011-06-01,,,,,,
,,,,,,,,,,,,2,,,VM23859,2,site_7,site_7,2011-06-04,2011-06-07
animal_89,,,,,,,,,,,,3,2011-06-11 00:00:00,,,,,,,
animal_178,,,,,,,,,,,,3,2011-06-11 00:00:00,,,,,,,
animal_65,,,,,,,,,,,,3,2011-06-11 00:00:00,,,,,,,
animal_23,,,,,,,,,,,,3,2011-06-11 00:00:00,,,,,,,
animal_146,,,,,,,,,,,,3,2011-06-11 00:00:00,,,,,,,
animal_159,,,,,,,,,,,,3,2011-06-11 00:00:00,,,,,,,
animal_96,,,,,,,,,,,,3,2011-06-11 00:00:00,,,,,,,
animal_66,,,,,,,,,,,,3,2011-06-11 00:00:00,,,,,,,
animal_169,,,,,,,,,,,,3,2011-06-11 00:00:00,,,,,,,
animal_104,,,,,,,,,,,,3,2011-06-11 00:00:00,,,,,,,
animal_111,,,,,,,,,,,,3,2011-06-11 00:00:00,,,,,,,
animal_207,,,,,,,,,,,,3,2011-06-11 00:00:00,,,,,,,
animal_113,,,,,,,,,,,,3,2011-06-11 00:00:00,,,,,,,
animal_173,,,,,,,,,,,,3,2011-06-11 00:00:00,,,,,,,
animal_166,,,,,,,,,,,,3,2011-06-11 00:00:00,,,,,,,
animal_61,,,,,,,,,,,,3,2011-06-11 00:00:00,,,,,,,
animal_105,,,,,,,,,,,,3,2011-06-11 00:00:00,,,,,,,
animal_106,,,,,,,,,,,,3,2011-06-11 00:00:00,,,,,,,
animal_7,,,,,,,,,,,,3,2011-06-11 00:00:00,,,,,,,
animal_107,,,,,,,,,,,,3,2011-06-11 00:00:00,,,,,,,
animal_56,,,,,,,,,,,,3,2011-06-11 00:00:00,,,,,,,
animal_85,,,,,,,,,,,,3,2011-06-11 00:00:00,,,,,,,
,,,,,,,,,,,,3,,,VR23403,3,site_5,site_7,2011-06-11,2011-06-12
animal_89,,,,,,,,,,,,3,,2011-06-12,,,,,,
animal_178,,,,,,,,,,,,3,,2011-06-12,,,,,,
animal_65,,,,,,,,,,,,3,,2011-06-12,,,,,,
animal_23,,,,,,,,,,,,3,,2011-06-12,,,,,,
animal_146,,,,,,,,,,,,3,,2011-06-12,,,,,,
animal_159,,,,,,,,,,,,3,,2011-06-12,,,,,,
animal_96,,,,,,,,,,,,3,,2011-06-12,,,,,,
animal_66,,,,,,,,,,,,3,,2011-06-12,,,,,,
animal_169,,,,,,,,,,,,3,,2011-06-12,,,,,,
animal_104,,,,,,,,,,,,3,,2011-06-12,,,,,,
animal_111,,,,,,,,,,,,3,,2011-06-12,,,,,,
animal_207,,,,,,,,,,,,3,,2011-06-12,,,,,,
animal_113,,,,,,,,,,,,3,,2011-06-12,,,,,,
animal_173,,,,,,,,,,,,3,,2011-06-12,,,,,,
animal_166,,,,,,,,,,,,3,,2011-06-12,,,,,,
animal_61,,,,,,,,,,,,3,,2011-06-12,,,,,,
animal_105,,,,,,,,,,,,3,,2011-06-12,,,,,,
animal_106,,,,,,,,,,,,3,,2011-06-12,,,,,,
animal_7,,,,,,,,,,,,3,,2011-06-12,,,,,,
animal_107,,,,,,,,,,,,3,,2011-06-12,,,,,,
animal_56,,,,,,,,,,,,3,,2011-06-12,,,,,,
animal_85,,,,,,,,,,,,3,,2011-06-12,,,,,,
animal_72,,,,,,,,,,,,4,2011-06-16 00:00:00,,,,,,,
animal_127,,,,,,,,,,,,4,2011-06-16 00:00:00,,,,,,,
animal_209,,,,,,,,,,,,4,2011-06-16 00:00:00,,,,,,,
animal_126,,,,,,,,,,,,4,2011-06-16 00:00:00,,,,,,,
animal_94,,,,,,,,,,,,4,2011-06-16 00:00:00,,,,,,,
animal_147,,,,,,,,,,,,4,2011-06-16 00:00:00,,,,,,,
,,,,,,,,,,,,4,,,VR23403,4,site_4,site_6,2011-06-16,2011-06-17
animal_72,,,,,,,,,,,,4,,2011-06-17,,,,,,
animal_127,,,,,,,,,,,,4,,2011-06-17,,,,,,
animal_209,,,,,,,,,,,,4,,2011-06-17,,,,,,
animal_126,,,,,,,,,,,,4,,2011-06-17,,,,,,
animal_94,,,,,,,,,,,,4,,2011-06-17,,,,,,
animal_147,,,,,,,,,,,,4,,2011-06-17,,,,,,
animal_44,,,,,,,,,,,,5,2011-06-21 00:00:00,,,,,,,
animal_189,,,,,,,,,,,,5,2011-06-21 00:00:00,,,,,,,
animal_30,,,,,,,,,,,,5,2011-06-21 00:00:00,,,,,,,
animal_213,,,,,,,,,,,,5,2011-06-21 00:00:00,,,,,,,
animal_192,,,,,,,,,,,,5,2011-06-21 00:00:00,,,,,,,
animal_63,,,,,,,,,,,,5,2011-06-21 00:00:00,,,,,,,
animal_205,,,,,,,,,,,,5,2011-06-21 00:00:00,,,,,,,
animal_188,,,,,,,,,,,,5,2011-06-21 00:00:00,,,,,,,
animal_162,,,,,,,,,,,,5,2011-06-21 00:00:00,,,,,,,
animal_195,,,,,,,,,,,,5,2011-06-21 00:00:00,,,,,,,
animal_172,,,,,,,,,,,,5,2011-06-21 00:00:00,,,,,,,
animal_74,,,,,,,,,,,,5,2011-06-21 00:00:00,,,,,,,
animal_103,,,,,,,,,,,,5,2011-06-21 00:00:00,,,,,,,
animal_137,,,,,,,,,,,,5,2011-06-21 00:00:00,,,,,,,
animal_199,,,,,,,,,,,,5,2011-06-21 00:00:00,,,,,,,
animal_59,,,,,,,,,,,,5,2011-06-21 00:00:00,,,,,,,
animal_148,,,,,,,,,,,,5,2011-06-21 00:00:00,,,,,,,
animal_187,,,,,,,,,,,,5,2011-06-21 00:00:00,,,,,,,
animal_109,,,,,,,,,,,,5,2011-06-21 00:00:00,,,,,,,
animal_110,,,,,,,,,,,,5,2011-06-21 00:00:00,,,,,,,
animal_73,,,,,,,,,,,,5,2011-06-21 00:00:00,,,,,,,
animal_129,,,,,,,,,,,,5,2011-06-21 00:00:00,,,,,,,
animal_67,,,,,,,,,,,,5,2011-06-21 00:00:00,,,,,,,
animal_28,,,,,,,,,,,,5,2011-06-21 00:00:00,,,,,,,
,,,,,,,,,,,,5,,,VM23859,5,site_3,site_9,2011-06-21,2011-06-22
animal_44,,,,,,,,,,,,5,,2011-06-22,,,,,,
animal_189,,,,,,,,,,,,5,,2011-06-22,,,,,,
animal_30,,,,,,,,,,,,5,,2011-06-22,,,,,,
animal_213,,,,,,,,,,,,5,,2011-06-22,,,,,,
animal_192,,,,,,,,,,,,5,,2011-06-22,,,,,,
animal_63,,,,,,,,,,,,5,,2011-06-22,,,,,,
animal_205,,,,,,,,,,,,5,,2011-06-22,,,,,,
animal_188,,,,,,,,,,,,5,,2011-06-22,,,,,,
animal_162,,,,,,,,,,,,5,,2011-06-22,,,,,,
animal_195,,,,,,,,,,,,5,,2011-06-22,,,,,,
animal_172,,,,,,,,,,,,5,,2011-06-22,,,,,,
animal_74,,,,,,,,,,,,5,,2011-06-22,,,,,,
animal_103,,,,,,,,,,,,5,,2011-06-22,,,,,,
animal_137,,,,,,,,,,,,5,,2011-06-22,,,,,,
animal_199,,,,,,,,,,,,5,,2011-06-22,,,,,,
animal_59,,,,,,,,,,,,5,,2011-06-22,,,,,,
animal_148,,,,,,,,,,,,5,,2011-06-22,,,,,,
animal_187,,,,,,,,,,,,5,,2011-06-22,,,,,,
animal_109,,,,,,,,,,,,5,,2011-06-22,,,,,,
animal_110,,,,,,,,,,,,5,,2011-06-22,,,,,,
animal_73,,,,,,,,,,,,5,,2011-06-22,,,,,,
animal_129,,,,,,,,,,,,5,,2011-06-22,,,,,,
animal_67,,,,,,,,,,,,5,,2011-06-22,,,,,,
animal_28,,,,,,,,,,,,5,,2011-06-22,,,,,,
animal_206,,,,,,,,,,,,6,2011-06-26 00:00:00,,,,,,,
animal_160,,,,,,,,,,,,6,2011-06-26 00:00:00,,,,,,,
animal_70,,,,,,,,,,,,6,2011-06-26 00:00:00,,,,,,,
animal_81,,,,,,,,,,,,6,2011-06-26 00:00:00,,,,,,,
animal_174,,,,,,,,,,,,6,2011-06-26 00:00:00,,,,,,,
animal_161,,,,,,,,,,,,6,2011-06-26 00:00:00,,,,,,,
animal_6,,,,,,,,,,,,6,2011-06-26 00:00:00,,,,,,,
animal_201,,,,,,,,,,,,6,2011-06-26 00:00:00,,,,,,,
,,,,,,,,,,,,6,,,NP23422,6,site_3,site_7,2011-06-26,2011-06-28
animal_206,,,,,,,,,,,,6,,2011-06-28,,,,,,
animal_160,,,,,,,,,,,,6,,2011-06-28,,,,,,
animal_70,,,,,,,,,,,,6,,2011-06-28,,,,,,
animal_81,,,,,,,,,,,,6,,2011-06-28,,,,,,
animal_174,,,,,,,,,,,,6,,2011-06-28,,,,,,
animal_161,,,,,,,,,,,,6,,2011-06-28,,,,,,
animal_6,,,,,,,,,,,,6,,2011-06-28,,,,,,
animal_201,,,,,,,,,,,,6,,2011-06-28,,,,,,
animal_88,,,,,,,,,,,,7,2011-07-02 00:00:00,,,,,,,
animal_130,,,,,,,,,,,,7,2011-07-02 00:00:00,,,,,,,
animal_34,,,,,,,,,,,,7,2011-07-02 00:00:00,,,,,,,
animal_13,,,,,,,,,,,,7,2011-07-02 00:00:00,,,,,,,
animal_60,,,,,,,,,,,,7,2011-07-02 00:00:00,,,,,,,
animal_164,,,,,,,,,,,,7,2011-07-02 00:00:00,,,,,,,
animal_99,,,,,,,,,,,,7,2011-07-02 00:00:00,,,,,,,
,,,,,,,,,,,,7,,,BG23024,7,site_5,site_9,2011-07-02,2011-07-05
animal_88,,,,,,,,,,,,7,,2011-07-05,,,,,,
animal_130,,,,,,,,,,,,7,,2011-07-05,,,,,,
animal_34,,,,,,,,,,,,7,,2011-07-05,,,,,,
animal_13,,,,,,,,,,,,7,,2011-07-05,,,,,,
animal_60,,,,,,,,,,,,7,,2011-07-05,,,,,,
animal_164,,,,,,,,,,,,7,,2011-07-05,,,,,,
animal_99,,,,,,,,,,,,7,,2011-07-05,,,,,,
,,,,,,,,,,,,8,,,WB23964,8,site_7,site_9,2011-07-09,2011-07-10
animal_165,,,,,,,,,,,,9,2011-07-15 00:00:00,,,,,,,
animal_204,,,,,,,,,,,,9,2011-07-15 00:00:00,,,,,,,
,,,,,,,,,,,,9,,,WB23964,9,site_4,site_6,2011-07-15,2011-07-18
animal_165,,,,,,,,,,,,9,,2011-07-18,,,,,,
animal_204,,,,,,,,,,,,9,,2011-07-18,,,,,,
,,,,,,,,,,,,10,,,VM23859,10,site_9,site_6,2011-07-22,2011-07-25
animal_196,,,,,,,,,,,,11,2011-07-28 00:00:00,,,,,,,
animal_68,,,,,,,,,,,,11,2011-07-28 00:00:00,,,,,,,
animal_183,,,,,,,,,,,,11,2011-07-28 00:00:00,,,,,,,
animal_98,,,,,,,,,,,,11,2011-07-28 00:00:00,,,,,,,
animal_200,,,,,,,,,,,,11,2011-07-28 00:00:00,,,,,,,
animal_62,,,,,,,,,,,,11,2011-07-28 00:00:00,,,,,,,
,,,,,,,,,,,,11,,,OW23921,11,site_2,site_6,2011-07-28,2011-07-29
animal_196,,,,,,,,,,,,11,,2011-07-29,,,,,,
animal_68,,,,,,,,,,,,11,,2011-07-29,,,,,,
animal_183,,,,,,,,,,,,11,,2011-07-29,,,,,,
animal_98,,,,,,,,,,,,11,,2011-07-29,,,,,,
animal_200,,,,,,,,,,,,11,,2011-07-29,,,,,,
animal_62,,,,,,,,,,,,11,,2011-07-29,,,,,,
,,,,,,,,,,,,12,,,WB23964,12,site_7,site_7,2011-08-03,2011-08-05
,,,,,,,,,,,,13,,,VM23859,13,site_9,site_4,2011-08-08,2011-08-09
animal_79,,,,,,,,,,,,14,2011-08-14 00:00:00,,,,,,,
,,,,,,,,,,,,14,,,BG23024,14,site_2,site_8,2011-08-14,2011-08-15
animal_79,,,,,,,,,,,,14,,2011-08-15,,,,,,
animal_191,,,,,,,,,,,,15,2011-08-19 00:00:00,,,,,,,
animal_24,,,,,,,,,,,,15,2011-08-19 00:00:00,,,,,,,
,,,,,,,,,,,,15,,,VM23859,15,site_3,site_7,2011-08-19,2011-08-20
animal_191,,,,,,,,,,,,15,,2011-08-20,,,,,,
animal_24,,,,,,,,,,,,15,,2011-08-20,,,,,,
animal_151,,,,,,,,,,,,16,2011-08-23 00:00:00,,,,,,,
animal_49,,,,,,,,,,,,16,2011-08-23 00:00:00,,,,,,,
animal_144,,,,,,,,,,,,16,2011-08-23 00:00:00,,,,,,,
animal_22,,,,,,,,,,,,16,2011-08-23 00:00:00,,,,,,,
animal_1,,,,,,,,,,,,16,2011-08-23 00:00:00,,,,,,,
animal_158,,,,,,,,,,,,16,2011-08-23 00:00:00,,,,,,,
animal_193,,,,,,,,,,,,16,2011-08-23 00:00:00,,,,,,,
animal_31,,,,,,,,,,,,16,2011-08-23 00:00:00,,,,,,,
animal_154,,,,,,,,,,,,16,2011-08-23 00:00:00,,,,,,,
animal_16,,,,,,,,,,,,16,2011-08-23 00:00:00,,,,,,,
animal_176,,,,,,,,,,,,16,2011-08-23 00:00:00,,,,,,,
animal_100,,,,,,,,,,,,16,2011-08-23 00:00:00,,,,,,,
animal_132,,,,,,,,,,,,16,2011-08-23 00:00:00,,,,,,,
animal_136,,,,,,,,,,,,16,2011-08-23 00:00:00,,,,,,,
animal_101,,,,,,,,,,,,16,2011-08-23 00:00:00,,,,,,,
animal_179,,,,,,,,,,,,16,2011-08-23 00:00:00,,,,,,,
animal_32,,,,,,,,,,,,16,2011-08-23 00:00:00,,,,,,,
animal_108,,,,,,,,,,,,16,2011-08-23 00:00:00,,,,,,,
animal_71,,,,,,,,,,,,16,2011-08-23 00:00:00,,,,,,,
animal_45,,,,,,,,,,,,16,2011-08-23 00:00:00,,,,,,,
,,,,,,,,,,,,16,,,WB23964,16,site_1,site_9,2011-08-23,2011-08-25
animal_151,,,,,,,,,,,,16,,2011-08-25,,,,,,
animal_49,,,,,,,,,,,,16,,2011-08-25,,,,,,
animal_144,,,,,,,,,,,,16,,2011-08-25,,,,,,
animal_22,,,,,,,,,,,,16,,2011-08-25,,,,,,
animal_1,,,,,,,,,,,,16,,2011-08-25,,,,,,
animal_158,,,,,,,,,,,,16,,2011-08-25,,,,,,
animal_193,,,,,,,,,,,,16,,2011-08-25,,,,,,
animal_31,,,,,,,,,,,,16,,2011-08-25,,,,,,
animal_154,,,,,,,,,,,,16,,2011-08-25,,,,,,
animal_16,,,,,,,,,,,,16,,2011-08-25,,,,,,
animal_176,,,,,,,,,,,,16,,2011-08-25,,,,,,
animal_100,,,,,,,,,,,,16,,2011-08-25,,,,,,
animal_132,,,,,,,,,,,,16,,2011-08-25,,,,,,
animal_136,,,,,,,,,,,,16,,2011-08-25,,,,,,
animal_101,,,,,,,,,,,,16,,2011-08-25,,,,,,
animal_179,,,,,,,,,,,,16,,2011-08-25,,,,,,
animal_32,,,,,,,,,,,,16,,2011-08-25,,,,,,
animal_108,,,,,,,,,,,,16,,2011-08-25,,,,,,
animal_71,,,,,,,,,,,,16,,2011-08-25,,,,,,
animal_45,,,,,,,,,,,,16,,2011-08-25,,,,,,
,,,,,,,,,,,,17,,,NP23422,17,site_7,site_6,2011-08-29,2011-08-30
animal_175,,,,,,,,,,,,18,2011-09-02 00:00:00,,,,,,,
animal_3,,,,,,,,,,,,18,2011-09-02 00:00:00,,,,,,,
,,,,,,,,,,,,18,,,NP23422,18,site_5,site_5,2011-09-02,2011-09-03
animal_175,,,,,,,,,,,,18,,2011-09-03,,,,,,
animal_3,,,,,,,,,,,,18,,2011-09-03,,,,,,
,,,,,,,,,,,,19,,,OW23921,19,site_9,site_7,2011-09-08,2011-09-09
,,,,,,,,,,,,20,,,BG23024,20,site_7,site_9,2011-09-12,2011-09-14
animal_14,,,,,,,,,,,,21,2011-09-18 00:00:00,,,,,,,
animal_197,,,,,,,,,,,,21,2011-09-18 00:00:00,,,,,,,
animal_139,,,,,,,,,,,,21,2011-09-18 00:00:00,,,,,,,
animal_93,,,,,,,,,,,,21,2011-09-18 00:00:00,,,,,,,
animal_153,,,,,,,,,,,,21,2011-09-18 00:00:00,,,,,,,
animal_194,,,,,,,,,,,,21,2011-09-18 00:00:00,,,,,,,
,,,,,,,,,,,,21,,,VM23859,21,site_1,site_8,2011-09-18,2011-09-21
animal_14,,,,,,,,,,,,21,,2011-09-21,,,,,,
animal_197,,,,,,,,,,,,21,,2011-09-21,,,,,,
animal_139,,,,,,,,,,,,21,,2011-09-21,,,,,,
animal_93,,,,,,,,,,,,21,,2011-09-21,,,,,,
animal_153,,,,,,,,,,,,21,,2011-09-21,,,,,,
animal_194,,,,,,,,,,,,21,,2011-09-21,,,,,,
animal_33,,,,,,,,,,,,22,2011-09-23 00:00:00,,,,,,,
,,,,,,,,,,,,22,,,WB23964,22,site_3,site_9,2011-09-23,2011-09-26
animal_33,,,,,,,,,,,,22,,2011-09-26,,,,,,
,,,,,,,,,,,,23,,,HK23967,23,site_9,site_7,2011-09-28,2011-09-29
,,,,,,,,,,,,24,,,HK23967,24,site_9,site_9,2011-10-02,2011-10-03
animal_211,,,,,,,,,,,,25,2011-10-09 00:00:00,,,,,,,
,,,,,,,,,,,,25,,,HL23445,25,site_1,site_7,2011-10-09,2011-10-12
animal_211,,,,,,,,,,,,25,,2011-10-12,,,,,,
animal_215,,,,,,,,,,,,26,2011-10-14 00:00:00,,,,,,,
,,,,,,,,,,,,26,,,HL23445,26,site_4,site_7,2011-10-14,2011-10-17
animal_215,,,,,,,,,,,,26,,2011-10-17,,,,,,
,,,,,,,,,,,,27,,,NP23422,27,site_8,site_6,2011-10-18,2011-10-20
,,,,,,,,,,,,28,,,OW23921,28,site_7,site_9,2011-10-25,2011-10-26
animal_41,,,,,,,,,,,,29,2011-11-01 00:00:00,,,,,,,
,,,,,,,,,,,,29,,,WB23964,29,site_2,site_7,2011-11-01,2011-11-04
animal_41,,,,,,,,,,,,29,,2011-11-04,,,,,,
,,,,,,,,,,,,30,,,WB23964,30,site_9,site_8,2011-11-06,2011-11-07
animal_168,,,,,,,,,,,,31,2011-11-13 00:00:00,,,,,,,
,,,,,,,,,,,,31,,,VR23403,31,site_1,site_8,2011-11-13,2011-11-16
animal_168,,,,,,,,,,,,31,,2011-11-16,,,,,,
,,,,,,,,,,,,32,,,VR23403,32,site_4,site_9,2011-11-18,2011-11-19
,,,,,,,,,,,,33,,,WB23964,33,site_6,site_5,2011-11-25,2011-11-26
,,,,,,,,,,,,34,,,NP23422,34,site_7,site_9,2011-11-30,2011-12-02
animal_46,,,,,,,,,,,,35,2011-12-07 00:00:00,,,,,,,
,,,,,,,,,,,,35,,,WB23964,35,site_5,site_9,2011-12-07,2011-12-08
animal_46,,,,,,,,,,,,35,,2011-12-08,,,,,,
,,,,,,,,,,,,36,,,NP23422,36,site_1,site_8,2011-12-14,2011-12-15
,,,,,,,,,,,,37,,,HL23445,37,site_4,site_7,2011-12-20,2011-12-23
,,,,,,,,,,,,38,,,HL23445,38,site_6,site_7,2011-12-26,2011-12-27
,,,,,,,,,,,,39,,,WB23964,39,site_2,site_9,2012-01-02,2012-01-03
,,,,,,,,,,,,40,,,VM23859,40,site_7,site_1,2012-01-09,2012-01-10
,,,,,,,,,,,,41,,,VM23859,41,site_4,site_2,2012-01-15,2012-01-16
,,,,,,,,,,,,42,,,XW23940,42,site_7,site_1,2012-01-22,2012-01-25
,,,,,,,,,,,,43,,,VM23859,43,site_1,site_8,2012-01-26,2012-01-29
,,,,,,,,,,,,44,,,HL23445,44,site_1,site_9,2012-01-31,2012-02-03
,,,,,,,,,,,,45,,,NP23422,45,site_9,site_2,2012-02-05,2012-02-07
,,,,,,,,,,,,46,,,NP23422,46,site_2,site_2,2012-02-11,2012-02-12
,,,,,,,,,,,,47,,,NP23422,47,site_6,site_7,2012-02-17,2012-02-19
,,,,,,,,,,,,48,,,XW23940,48,site_6,site_8,2012-02-24,2012-02-26
,,,,,,,,,,,,49,,,HL23445,49,site_9,site_1,2012-03-01,2012-03-04
